supplier_name,supplier_email
TechDistro SAS,ventas@techdistro.com
Accesorios Total,contacto@accesoriostotal.com
Accesorios Total,contacto@accesoriostotal.com
MueblesYa,info@mueblesya.com
TechDistro SAS,ventas@techdistro.com
GamerZone,sales@gamerzone.co
MueblesYa,info@mueblesya.com
IluminaTodo,ventas@iluminatodo.co
TechDistro SAS,ventas@techdistro.com
SoundWave Ltd,contact@soundwave.com
Accesorios Total,contacto@accesoriostotal.com
TechDistro SAS,ventas@techdistro.com
Accesorios Total,contacto@accesoriostotal.com
TechDistro SAS,ventas@techdistro.com
Cables & Conectores,info@cablesconectores.com
MueblesYa,info@mueblesya.com
IluminaTodo,ventas@iluminatodo.co
Oficina Digital,sales@oficinadigital.com
Papeleria Mundial,pedidos@papeleriamundial.com
Accesorios Total,contacto@accesoriostotal.com
SoundWave Ltd,contact@soundwave.com
ElectroHogar,ventas@electrohogar.com
ElectroHogar,ventas@electrohogar.com
TechDistro SAS,ventas@techdistro.com
Accesorios Total,contacto@accesoriostotal.com
SoundWave Ltd,contact@soundwave.com
TechDistro SAS,ventas@techdistro.com
MueblesYa,info@mueblesya.com
Papeleria Mundial,pedidos@papeleriamundial.com
SoundWave Ltd,contact@soundwave.com
ElectroHogar,ventas@electrohogar.com
GamerZone,sales@gamerzone.co
Accesorios Total,contacto@accesoriostotal.com
SoundWave Ltd,contact@soundwave.com
TechDistro SAS,ventas@techdistro.com
IluminaTodo,ventas@iluminatodo.co
Papeleria Mundial,pedidos@papeleriamundial.com
MueblesYa,info@mueblesya.com
MueblesYa,info@mueblesya.com
TechDistro SAS,ventas@techdistro.com
ElectroHogar,ventas@electrohogar.com
Accesorios Total,contacto@accesoriostotal.com
TechDistro SAS,ventas@techdistro.com
Papeleria Mundial,pedidos@papeleriamundial.com
SoundWave Ltd,contact@soundwave.com
Cables & Conectores,info@cablesconectores.com
Oficina Digital,sales@oficinadigital.com
MueblesYa,info@mueblesya.com
IluminaTodo,ventas@iluminatodo.co
TechDistro SAS,ventas@techdistro.com
Accesorios Total,contacto@accesoriostotal.com
ElectroHogar,ventas@electrohogar.com
MueblesYa,info@mueblesya.com
TechDistro SAS,ventas@techdistro.com
GamerZone,sales@gamerzone.co
Accesorios Total,contacto@accesoriostotal.com
SoundWave Ltd,contact@soundwave.com
ElectroHogar,ventas@electrohogar.com
Papeleria Mundial,pedidos@papeleriamundial.com
TechDistro SAS,ventas@techdistro.com
Accesorios Total,contacto@accesoriostotal.com
TechDistro SAS,ventas@techdistro.com
Accesorios Total,contacto@accesoriostotal.com
IluminaTodo,ventas@iluminatodo.co
Cables & Conectores,info@cablesconectores.com
TechDistro SAS,ventas@techdistro.com
MueblesYa,info@mueblesya.com
Papeleria Mundial,pedidos@papeleriamundial.com
SoundWave Ltd,contact@soundwave.com
Oficina Digital,sales@oficinadigital.com
ElectroHogar,ventas@electrohogar.com
SoundWave Ltd,contact@soundwave.com
MueblesYa,info@mueblesya.com
TechDistro SAS,ventas@techdistro.com
Accesorios Total,contacto@accesoriostotal.com
GamerZone,sales@gamerzone.co
ElectroHogar,ventas@electrohogar.com
SoundWave Ltd,contact@soundwave.com
IluminaTodo,ventas@iluminatodo.co
TechDistro SAS,ventas@techdistro.com
Accesorios Total,contacto@accesoriostotal.com
Papeleria Mundial,pedidos@papeleriamundial.com
TechDistro SAS,ventas@techdistro.com
Accesorios Total,contacto@accesoriostotal.com
MueblesYa,info@mueblesya.com
TechDistro SAS,ventas@techdistro.com
SoundWave Ltd,contact@soundwave.com
Cables & Conectores,info@cablesconectores.com
ElectroHogar,ventas@electrohogar.com
Oficina Digital,sales@oficinadigital.com
MueblesYa,info@mueblesya.com
TechDistro SAS,ventas@techdistro.com
SoundWave Ltd,contact@soundwave.com
TechDistro SAS,ventas@techdistro.com
Accesorios Total,contacto@accesoriostotal.com
Papeleria Mundial,pedidos@papeleriamundial.com
IluminaTodo,ventas@iluminatodo.co
SoundWave Ltd,contact@soundwave.com
ElectroHogar,ventas@electrohogar.com
GamerZone,sales@gamerzone.co
TechDistro SAS,ventas@techdistro.com
TechDistro SAS,ventas@techdistro.com
MueblesYa,info@mueblesya.com
